port,api_name,time
8000,upload-image-swagger,2023-12-24 17:30:40.765449
8000,upload-image-swagger,2023-12-24 17:33:33.198237
8000,upload-image-swagger,2023-12-24 17:44:31.137503
8000,upload-image-swagger,2023-12-24 17:54:54.737582
8000,process-text-swagger,2023-12-24 17:58:13.226706
8000,upload-image-swagger,2023-12-24 20:16:46.113872
8000,upload-image-swagger,2023-12-24 20:49:12.826817
8000,upload-image-swagger,2023-12-24 20:51:17.653834
8000,process-text-json,2023-12-26 14:47:55.763372
8000,upload-image-json,2023-12-26 14:48:32.766438
8000,upload-image-json,2023-12-26 14:55:36.339807
8000,upload-image-json,2023-12-26 14:56:47.478870
8000,process-text-json,2023-12-26 15:03:08.432210
8000,process-text-json,2023-12-26 15:09:31.983098
8000,upload-image-json,2023-12-26 15:46:11.405507
8000,upload-image-json,2023-12-26 15:46:41.018913
8000,upload-image-json,2023-12-26 15:48:12.941499
8000,process-text-json,2023-12-26 16:46:57.131893
8000,process-text-json,2023-12-26 16:48:29.908201
8000,upload-image-json,2023-12-26 16:59:29.742644
8000,upload-image-json,2023-12-26 19:06:32.595881
8000,upload-image-json,2023-12-26 19:54:37.850521
8000,upload-image-json,2023-12-26 20:07:32.377791
8000,upload-image-json,2023-12-26 20:10:51.103647
8000,process-text-swagger,2023-12-27 19:46:38.774162
